,index,Rk_x,Player_x,Tm_x,Age_x,Pos_x,G_x,GS_x,Tgt_x,Rec_x,Ctch%_x,Yds_x,Y/R_x,TD_x,1D_x,Succ%_x,Lng_x,Y/Tgt_x,R/G_x,Y/G_x,Fmb_x,Player-additional,Rk_y,Player_y,Tm_y,Age_y,Pos_y,G_y,GS_y,Tgt_y,Rec_y,Ctch%_y,Yds_y,Y/R_y,TD_y,1D_y,Succ%_y,Lng_y,Y/Tgt_y,R/G_y,Y/G_y,Fmb_y,TgtPer_2022,TgtPer_2023,TgtDiff,NewTeam
0,70,123,Kendrick Bourne,NWE,27,WR,16,2,48,35,72.9%,434,12.4,1,22,54.2,41,9.0,2.2,27.1,2,BourKe00,32,Kendrick Bourne,NWE,28,WR,2,1,20,10,50.0%,93,9.3,2,4,35.0,19,4.7,5.0,46.5,0,3.0,10.0,7.0,True
1,92,212,Tutu Atwell,LAR,23,WR,13,4,35,18,51.4%,298,16.6,1,11,40.0,62,8.5,1.4,22.9,0,AtweTu00,11,Tutu Atwell,LAR,24,WR,2,2,17,13,76.5%,196,15.1,0,12,76.5,44,11.5,6.5,98.0,0,2.69,8.5,5.81,True
2,78,144,DeVante Parker,NWE,29,WR,13,11,47,31,66.0%,539,17.4,3,25,59.6,43,11.5,2.4,41.5,0,ParkDe01,100,DeVante Parker,NWE,30,WR,1,1,8,6,75.0%,57,9.5,0,3,62.5,14,7.1,6.0,57.0,0,3.62,8.0,4.38,True
3,46,71,Robert Woods,TEN,30,WR,17,15,91,53,58.2%,527,9.9,2,31,50.5,41,5.8,3.1,31.0,1,WoodRo02,23,Robert Woods,HOU,31,WR,2,2,19,12,63.2%,131,10.9,0,8,52.6,25,6.9,6.0,65.5,0,5.35,9.5,4.15,False
4,68,120,Elijah Moore,NYJ,22,WR,16,9,65,37,56.9%,446,12.1,1,22,44.6,42,6.9,2.3,27.9,1,MoorEl00,97,Elijah Moore,CLE,23,WR,2,1,16,6,37.5%,79,13.2,0,4,31.3,33,4.9,3.0,39.5,0,4.06,8.0,3.94,False
5,47,74,George Pickens,PIT,21,WR,17,12,84,52,61.9%,801,15.4,4,38,48.8,42,9.5,3.1,47.1,0,PickGe00,48,George Pickens,PIT,22,WR,2,2,17,9,52.9%,163,18.1,1,4,47.1,71,9.6,4.5,81.5,0,4.94,8.5,3.56,True
6,65,117,Nico Collins,HOU,23,WR,10,7,66,37,56.1%,481,13.0,2,21,42.4,58,7.3,3.7,48.1,0,CollNi00,12,Nico Collins,HOU,24,WR,2,1,20,13,65.0%,226,17.4,1,9,60.0,32,11.3,6.5,113.0,0,6.6,10.0,3.4,True
7,23,29,Tee Higgins,CIN,23,WR,16,14,109,74,67.9%,1029,13.9,7,47,59.6,59,9.4,4.6,64.3,0,HiggTe00,63,Tee Higgins,CIN,24,WR,2,2,20,8,40.0%,89,11.1,2,6,40.0,20,4.5,4.0,44.5,0,6.81,10.0,3.19,True
8,30,41,Jakobi Meyers,NWE,26,WR,14,13,96,67,69.8%,804,12.0,6,38,56.3,48,8.4,4.8,57.4,2,MeyeJa01,47,Jakobi Meyers,LVR,27,WR,1,1,10,9,90.0%,81,9.0,2,5,50.0,21,8.1,9.0,81.0,0,6.86,10.0,3.14,False
9,110,417,Deonte Harty,NOR,25,WR,4,0,2,2,100.0%,13,6.5,0,0,50.0,9,6.5,0.5,3.3,1,HarrDe07,119,Deonte Harty,BUF,26,WR,2,0,7,5,71.4%,13,2.6,0,1,28.6,8,1.9,2.5,6.5,0,0.5,3.5,3.0,False
10,95,231,Kadarius Toney,2TM,23,WR,9,4,20,16,80.0%,171,10.7,2,8,55.0,38,8.6,1.8,19.0,1,ToneKa00,105,Kadarius Toney,KAN,24,WR,2,1,10,6,60.0%,36,6.0,0,3,30.0,17,3.6,3.0,18.0,1,2.22,5.0,2.78,False
11,7,10,Michael Pittman Jr.,IND,25,WR,16,16,141,99,70.2%,925,9.3,4,51,53.9,28,6.6,6.2,57.8,2,PittMi01,6,Michael Pittman Jr.,IND,26,WR,2,2,23,16,69.6%,153,9.6,1,8,52.2,39,6.7,8.0,76.5,1,8.81,11.5,2.69,True
12,25,35,Chris Olave,NOR,22,WR,15,9,119,72,60.5%,1042,14.5,4,48,53.8,53,8.8,4.8,69.5,2,OlavCh00,10,Chris Olave,NOR,23,WR,2,1,21,14,66.7%,198,14.1,0,9,61.9,45,9.4,7.0,99.0,0,7.93,10.5,2.57,True
13,98,242,Justin Watson,KAN,26,WR,17,5,34,15,44.1%,315,21.0,2,12,44.1,67,9.3,0.9,18.5,0,WatsJu01,134,Justin Watson,KAN,27,WR,2,1,9,5,55.6%,107,21.4,0,4,55.6,34,11.9,2.5,53.5,1,2.0,4.5,2.5,True
14,64,113,Josh Reynolds,DET,27,WR,14,11,59,38,64.4%,479,12.6,3,25,61.0,31,8.1,2.7,34.2,0,ReynJo00,50,Josh Reynolds,DET,28,WR,2,1,13,9,69.2%,146,16.2,2,9,69.2,33,11.2,4.5,73.0,0,4.21,6.5,2.29,True
15,102,291,River Cracraft,MIA,28,WR,11,0,14,9,64.3%,102,11.3,2,8,57.1,22,7.3,0.8,9.3,0,CracRi00,114,River Cracraft,MIA,29,WR,2,0,7,5,71.4%,74,14.8,1,5,71.4,24,10.6,2.5,37.0,0,1.27,3.5,2.23,True
16,81,156,Rashid Shaheed,NOR,24,WR,12,6,34,28,82.4%,488,17.4,2,18,70.6,68,14.4,2.3,40.7,1,ShahRa00,51,Rashid Shaheed,NOR,25,WR,2,0,10,9,90.0%,152,16.9,1,6,70.0,45,15.2,4.5,76.0,1,2.83,5.0,2.17,True
17,93,213,Braxton Berrios,NYJ,27,WR,17,2,32,18,56.3%,145,8.1,0,8,34.4,25,4.5,1.1,8.5,1,BerrBr00,111,Braxton Berrios,MIA,28,WR,2,0,8,5,62.5%,70,14.0,0,5,62.5,18,8.8,2.5,35.0,0,1.88,4.0,2.12,False
18,113,437,Jalen Tolbert,DAL,23,WR,8,1,3,2,66.7%,12,6.0,0,0,33.3,8,4.0,0.3,1.5,0,TolbJa00,194,Jalen Tolbert,DAL,24,WR,2,1,5,3,60.0%,18,6.0,0,1,60.0,7,3.6,1.5,9.0,0,0.38,2.5,2.12,True
19,45,67,Deebo Samuel,SFO,26,WR,13,12,94,56,59.6%,632,11.3,2,25,47.9,57,6.7,4.3,48.6,3,SamuDe00,4,Deebo Samuel,SFO,27,WR,3,3,28,17,60.7%,247,14.5,1,11,50.0,40,8.8,5.7,82.3,1,7.23,9.33,2.1,True
20,85,174,Nick Westbrook-Ikhine,TEN,25,WR,17,13,50,25,50.0%,397,15.9,3,18,40.0,63,7.9,1.5,23.4,0,WestNi00,83,Nick Westbrook-Ikhine,TEN,26,WR,2,1,10,7,70.0%,83,11.9,1,5,60.0,24,8.3,3.5,41.5,0,2.94,5.0,2.06,True
21,1,2,Tyreek Hill*+,MIA,28,WR,17,17,170,119,70.0%,1710,14.4,7,77,56.5,64,10.1,7.0,100.6,1,HillTy00,5,Tyreek Hill,MIA,29,WR,2,2,24,16,66.7%,255,15.9,3,14,62.5,47,10.6,8.0,127.5,0,10.0,12.0,2.0,True
22,115,480,KaVontae Turpin*,DAL,26,WR,17,0,2,1,50.0%,9,9.0,0,0,50.0,9,4.5,0.1,0.5,3,TurpKa00,197,KaVontae Turpin,DAL,27,WR,2,0,4,3,75.0%,20,6.7,0,2,75.0,9,5.0,1.5,10.0,0,0.12,2.0,1.88,True
23,37,49,Mike Williams,LAC,28,WR,13,13,93,63,67.7%,895,14.2,4,39,59.1,55,9.6,4.8,68.8,0,WillMi07,22,Mike Williams,LAC,29,WR,2,2,18,12,66.7%,128,10.7,0,6,44.4,24,7.1,6.0,64.0,0,7.15,9.0,1.85,True
24,0,1,Justin Jefferson*+,MIN,23,WR,17,17,184,128,69.6%,1809,14.1,8,80,57.6,64,9.8,7.5,106.4,0,JeffJu00,2,Justin Jefferson,MIN,24,WR,2,2,25,20,80.0%,309,15.5,0,14,72.0,42,12.4,10.0,154.5,1,10.82,12.5,1.68,True
25,107,359,Samori Toure,GNB,24,WR,11,2,10,5,50.0%,82,16.4,1,2,30.0,37,8.2,0.5,7.5,1,TourSa00,195,Samori Toure,GNB,25,WR,2,0,5,3,60.0%,24,8.0,0,2,40.0,16,4.8,1.5,12.0,0,0.91,2.5,1.59,True
26,90,186,Skyy Moore,KAN,22,WR,16,3,33,22,66.7%,250,11.4,0,13,63.6,30,7.6,1.4,15.6,3,MoorSk01,185,Skyy Moore,KAN,23,WR,2,1,7,3,42.9%,70,23.3,1,2,42.9,54,10.0,1.5,35.0,0,2.06,3.5,1.44,True
27,111,420,Lil'Jordan Humphrey,NWE,24,WR,6,2,4,2,50.0%,20,10.0,0,0,50.0,11,5.0,0.3,3.3,0,HumpLi01,180,Lil'Jordan Humphrey,DEN,25,WR,2,2,4,3,75.0%,15,5.0,1,1,75.0,6,3.8,1.5,7.5,0,0.67,2.0,1.33,False
28,54,91,Darius Slayton,NYG,25,WR,16,11,71,46,64.8%,724,15.7,2,30,57.7,55,10.2,2.9,45.3,2,SlayDa01,52,Darius Slayton,NYG,26,WR,3,2,17,9,52.9%,109,12.1,0,5,29.4,29,6.4,3.0,36.3,0,4.44,5.67,1.23,True
29,94,230,Michael Thomas,NOR,29,WR,3,3,22,16,72.7%,171,10.7,3,13,72.7,21,7.8,5.3,57.0,0,ThomMi05,20,Michael Thomas,NOR,30,WR,2,2,17,12,70.6%,116,9.7,0,6,58.8,25,6.8,6.0,58.0,0,7.33,8.5,1.17,True
30,103,334,Brandon Johnson,DEN,24,WR,7,1,14,6,42.9%,42,7.0,1,2,21.4,12,3.0,0.9,6.0,1,JohnBr23,146,Brandon Johnson,DEN,25,WR,2,1,6,4,66.7%,97,24.3,2,3,66.7,50,16.2,2.0,48.5,0,2.0,3.0,1.0,True
31,71,124,Jahan Dotson,WAS,22,WR,12,10,61,35,57.4%,523,14.9,7,26,50.8,61,8.6,2.9,43.6,0,DotsJa00,61,Jahan Dotson,WAS,23,WR,2,2,12,8,66.7%,62,7.8,0,4,50.0,18,5.2,4.0,31.0,0,5.08,6.0,0.92,True
32,18,23,Amari Cooper,CLE,28,WR,17,17,132,78,59.1%,1160,14.9,9,61,53.0,55,8.8,4.6,68.2,0,CoopAm00,34,Amari Cooper,CLE,29,WR,2,2,17,10,58.8%,127,12.7,0,8,52.9,23,7.5,5.0,63.5,0,7.76,8.5,0.74,True
33,40,54,K.J. Osborn,MIN,25,WR,17,9,90,60,66.7%,650,10.8,5,32,58.9,66,7.2,3.5,38.2,1,OsboKJ00,99,K.J. Osborn,MIN,26,WR,2,1,12,6,50.0%,65,10.8,1,4,33.3,19,5.4,3.0,32.5,0,5.29,6.0,0.71,True
34,13,18,Christian Kirk,JAX,26,WR,17,17,133,84,63.2%,1108,13.2,8,55,52.6,49,8.3,4.9,65.2,1,KirkCh01,18,Christian Kirk,JAX,27,WR,2,2,17,12,70.6%,119,9.9,0,6,52.9,45,7.0,6.0,59.5,0,7.82,8.5,0.68,True
35,31,42,Keenan Allen,LAC,30,WR,10,10,89,66,74.2%,752,11.4,4,39,56.2,46,8.4,6.6,75.2,1,AlleKe00,9,Keenan Allen,LAC,31,WR,2,2,19,14,73.7%,187,13.4,2,7,73.7,42,9.8,7.0,93.5,0,8.9,9.5,0.6,True
36,104,345,Dyami Brown,WAS,23,WR,15,0,14,5,35.7%,143,28.6,2,5,35.7,75,10.2,0.3,9.5,0,BrowDy00,169,Dyami Brown,WAS,24,WR,2,0,3,3,100.0%,25,8.3,0,0,100.0,9,8.3,1.5,12.5,0,0.93,1.5,0.57,True
37,105,354,Gunner Olszewski,PIT,26,WR,16,2,7,5,71.4%,53,10.6,0,1,42.9,31,7.6,0.3,3.3,2,OlszGu00,272,Gunner Olszewski,PIT,27,WR,1,0,1,1,100.0%,0,0.0,0,0,0.0,0,0.0,1.0,0.0,1,0.44,1.0,0.56,True
38,20,25,Mike Evans,TAM,29,WR,15,15,127,77,60.6%,1124,14.6,6,53,54.3,63,8.9,5.1,74.9,0,EvanMi00,17,Mike Evans,TAM,30,WR,2,2,18,12,66.7%,237,19.8,2,6,61.1,70,13.2,6.0,118.5,0,8.47,9.0,0.53,True
39,87,179,Van Jefferson,LAR,26,WR,11,9,44,24,54.5%,369,15.4,3,20,50.0,39,8.4,2.2,33.5,0,JeffVa00,123,Van Jefferson,LAR,27,WR,2,2,9,5,55.6%,33,6.6,0,1,22.2,10,3.7,2.5,16.5,0,4.0,4.5,0.5,True
40,2,4,Stefon Diggs*,BUF,29,WR,16,16,154,108,70.1%,1429,13.2,11,74,64.3,53,9.3,6.8,89.3,1,DiggSt00,3,Stefon Diggs,BUF,30,WR,2,2,20,17,85.0%,168,9.9,1,9,75.0,18,8.4,8.5,84.0,0,9.62,10.0,0.38,True
41,41,56,Tyler Boyd,CIN,28,WR,16,14,82,58,70.7%,762,13.1,5,42,62.2,60,9.3,3.6,47.6,0,BoydTy00,58,Tyler Boyd,CIN,29,WR,2,2,11,8,72.7%,62,7.8,0,3,45.5,13,5.6,4.0,31.0,0,5.12,5.5,0.38,True
42,109,406,Miles Boykin,PIT,26,WR,16,1,3,2,66.7%,11,5.5,0,1,33.3,11,3.7,0.1,0.7,0,BoykMi00,245,Miles Boykin,PIT,27,WR,2,0,1,1,100.0%,5,5.0,0,0,0.0,5,5.0,0.5,2.5,0,0.19,0.5,0.31,True
43,75,135,Allen Robinson,LAR,29,WR,10,10,52,33,63.5%,339,10.3,3,23,53.8,29,6.5,3.3,33.9,0,RobiAl02,81,Allen Robinson,PIT,30,WR,2,2,11,7,63.6%,76,10.9,0,2,45.5,31,6.9,3.5,38.0,0,5.2,5.5,0.3,False
44,17,22,Brandon Aiyuk,SFO,24,WR,17,17,114,78,68.4%,1015,13.0,8,47,59.6,54,8.9,4.6,59.7,1,AiyuBr00,24,Brandon Aiyuk,SFO,25,WR,2,2,14,11,78.6%,172,15.6,2,11,78.6,23,12.3,5.5,86.0,0,6.71,7.0,0.29,True
45,112,424,Keith Kirkwood,NOR,28,WR,5,1,4,2,50.0%,18,9.0,0,1,25.0,14,4.5,0.4,3.6,0,KirkKe00,306,Keith Kirkwood,NOR,29,WR,2,0,2,0,0.0%,0,,0,0,0.0,0,0.0,0.0,0.0,0,0.8,1.0,0.2,True
46,19,24,JuJu Smith-Schuster,KAN,26,WR,16,14,101,78,77.2%,933,12.0,3,47,67.3,53,9.2,4.9,58.3,3,SmitJu00,53,JuJu Smith-Schuster,NWE,27,WR,2,1,13,9,69.2%,61,6.8,0,3,53.8,15,4.7,4.5,30.5,0,6.31,6.5,0.19,False
47,35,46,Parris Campbell,IND,25,WR,17,16,91,63,69.2%,623,9.9,3,32,54.9,49,6.8,3.7,36.6,1,CampPa00,26,Parris Campbell,NYG,26,WR,3,3,16,11,68.8%,47,4.3,0,0,31.3,9,2.9,3.7,15.7,0,5.35,5.33,-0.02,False
48,97,239,Zach Pascal,PHI,28,WR,17,2,19,15,78.9%,150,10.0,1,9,63.2,34,7.9,0.9,8.8,0,PascZa00,273,Zach Pascal,ARI,29,WR,2,0,2,1,50.0%,9,9.0,0,0,50.0,9,4.5,0.5,4.5,0,1.12,1.0,-0.12,False
49,89,185,Wan'Dale Robinson,NYG,21,WR,6,3,31,23,74.2%,227,9.9,1,13,61.3,19,7.3,3.8,37.8,0,RobiWa01,160,Wan'Dale Robinson,NYG,22,WR,1,0,5,4,80.0%,21,5.3,0,1,20.0,8,4.2,4.0,21.0,0,5.17,5.0,-0.17,True
50,86,176,David Bell,CLE,22,WR,16,3,35,24,68.6%,214,8.9,0,7,40.0,20,6.1,1.5,13.4,0,BellDa02,167,David Bell,CLE,23,WR,2,0,4,3,75.0%,27,9.0,0,2,75.0,14,6.8,1.5,13.5,0,2.19,2.0,-0.19,True
51,52,87,Chase Claypool,2TM,24,WR,15,11,79,46,58.2%,451,9.8,1,24,46.8,31,5.7,3.1,30.1,1,ClayCh01,173,Chase Claypool,CHI,25,WR,2,1,10,3,30.0%,36,12.0,1,2,20.0,20,3.6,1.5,18.0,0,5.27,5.0,-0.27,False
52,14,19,Tyler Lockett,SEA,30,WR,16,16,117,84,71.8%,1033,12.3,9,50,60.7,40,8.8,5.3,64.6,2,LockTy00,38,Tyler Lockett,SEA,31,WR,2,2,14,10,71.4%,69,6.9,2,7,64.3,12,4.9,5.0,34.5,0,7.31,7.0,-0.31,True
53,77,140,Nelson Agholor,NWE,29,WR,16,7,53,31,58.5%,362,11.7,2,12,37.7,44,6.8,1.9,22.6,2,AghoNe00,108,Nelson Agholor,BAL,30,WR,2,1,6,5,83.3%,63,12.6,1,4,83.3,17,10.5,2.5,31.5,0,3.31,3.0,-0.31,False
54,80,154,Terrace Marshall Jr.,CAR,22,WR,14,9,47,28,59.6%,490,17.5,1,24,53.2,43,10.4,2.0,35.0,2,MarsTe00,225,Terrace Marshall Jr.,CAR,23,WR,2,1,6,2,33.3%,23,11.5,0,2,33.3,12,3.8,1.0,11.5,0,3.36,3.0,-0.36,True
55,114,458,Erik Ezukanma,MIA,22,WR,1,0,1,1,100.0%,3,3.0,0,0,0.0,3,3.0,1.0,3.0,0,EzukEr00,299,Erik Ezukanma,MIA,23,WR,2,0,1,0,0.0%,0,,0,0,0.0,0,0.0,0.0,0.0,0,1.0,0.5,-0.5,True
56,8,11,DeVonta Smith,PHI,24,WR,17,17,136,95,69.9%,1196,12.6,7,57,54.4,45,8.8,5.6,70.4,1,SmitDe07,31,DeVonta Smith,PHI,25,WR,2,2,15,11,73.3%,178,16.2,2,5,46.7,63,11.9,5.5,89.0,0,8.0,7.5,-0.5,True
57,106,358,Deven Thompkins,TAM,23,WR,5,1,10,5,50.0%,32,6.4,0,1,20.0,13,3.2,1.0,6.4,1,ThomDe07,232,Deven Thompkins,TAM,24,WR,2,1,3,2,66.7%,10,5.0,0,1,33.3,8,3.3,1.0,5.0,1,2.0,1.5,-0.5,True
58,43,62,Mack Hollins,LVR,29,WR,17,16,94,57,60.6%,690,12.1,4,34,51.1,60,7.3,3.4,40.6,0,HollMa00,93,Mack Hollins,ATL,30,WR,2,1,10,6,60.0%,91,15.2,0,2,40.0,45,9.1,3.0,45.5,0,5.53,5.0,-0.53,False
59,10,13,A.J. Brown*,PHI,25,WR,17,16,145,88,60.7%,1496,17.0,11,59,51.7,78,10.3,5.2,88.0,2,BrowAJ00,25,A.J. Brown,PHI,26,WR,2,2,16,11,68.8%,108,9.8,0,6,37.5,23,6.8,5.5,54.0,0,8.53,8.0,-0.53,True
60,55,92,Noah Brown,DAL,26,WR,16,13,74,43,58.1%,555,12.9,3,25,48.6,51,7.5,2.7,34.7,1,BrowNo00,170,Noah Brown,HOU,27,WR,1,0,4,3,75.0%,20,6.7,0,0,50.0,7,5.0,3.0,20.0,0,4.62,4.0,-0.62,False
61,3,6,CeeDee Lamb*,DAL,23,WR,17,17,156,107,68.6%,1359,12.7,9,67,55.1,39,8.7,6.3,79.9,0,LambCe00,8,CeeDee Lamb,DAL,24,WR,2,2,17,15,88.2%,220,14.7,0,10,70.6,49,12.9,7.5,110.0,1,9.18,8.5,-0.68,True
62,48,79,Gabriel Davis,BUF,23,WR,15,15,93,48,51.6%,836,17.4,7,35,51.6,98,9.0,3.2,55.7,1,DaviGa01,60,Gabriel Davis,BUF,24,WR,2,2,11,8,72.7%,124,15.5,1,8,72.7,40,11.3,4.0,62.0,0,6.2,5.5,-0.7,True
63,27,37,Adam Thielen,MIN,32,WR,17,17,107,70,65.4%,716,10.2,6,45,49.5,36,6.7,4.1,42.1,0,ThieAd00,56,Adam Thielen,CAR,33,WR,2,2,11,9,81.8%,66,7.3,1,5,54.5,15,6.0,4.5,33.0,0,6.29,5.5,-0.79,False
64,101,287,Khalil Shakir,BUF,22,WR,14,2,20,10,50.0%,161,16.1,1,7,40.0,31,8.1,0.7,11.5,0,ShakKh00,285,Khalil Shakir,BUF,23,WR,2,0,1,1,100.0%,11,11.0,1,1,100.0,11,11.0,0.5,5.5,0,1.43,0.5,-0.93,True
65,100,286,Byron Pringle,CHI,29,WR,11,4,16,10,62.5%,135,13.5,2,8,56.3,35,8.4,0.9,12.3,0,PrinBy00,275,Byron Pringle,WAS,30,WR,2,0,1,1,100.0%,4,4.0,0,0,100.0,4,4.0,0.5,2.0,0,1.45,0.5,-0.95,False
66,16,21,Zay Jones,JAX,27,WR,16,15,121,82,67.8%,823,10.0,5,44,54.5,59,6.8,5.1,51.4,0,JoneZa00,125,Zay Jones,JAX,28,WR,2,2,13,5,38.5%,55,11.0,1,4,38.5,18,4.2,2.5,27.5,0,7.56,6.5,-1.06,True
67,4,7,Amon-Ra St. Brown*,DET,23,WR,16,16,146,106,72.6%,1161,11.0,6,68,62.3,49,8.0,6.6,72.6,0,StxxAm00,19,Amon-Ra St. Brown,DET,24,WR,2,2,16,12,75.0%,173,14.4,1,7,75.0,39,10.8,6.0,86.5,1,9.12,8.0,-1.12,True
68,56,93,Romeo Doubs,GNB,22,WR,13,7,67,42,62.7%,425,10.1,3,20,46.3,26,6.3,3.2,32.7,2,DoubRo00,88,Romeo Doubs,GNB,23,WR,2,1,8,6,75.0%,56,9.3,2,5,62.5,15,7.0,3.0,28.0,0,5.15,4.0,-1.15,True
69,72,127,Jauan Jennings,SFO,25,WR,16,4,56,35,62.5%,416,11.9,1,23,55.4,44,7.4,2.2,26.0,1,JennJa00,145,Jauan Jennings,SFO,26,WR,3,0,7,4,57.1%,82,20.5,0,3,42.9,31,11.7,1.3,27.3,0,3.5,2.33,-1.17,True
70,82,161,Marquise Goodwin,SEA,32,WR,13,2,42,27,64.3%,387,14.3,4,18,54.8,38,9.2,2.1,29.8,0,GoodMa00,300,Marquise Goodwin,CLE,33,WR,2,0,4,0,0.0%,0,,0,0,0.0,0,0.0,0.0,0.0,0,3.23,2.0,-1.23,False
71,34,45,Courtland Sutton,DEN,27,WR,15,15,109,64,58.7%,829,13.0,2,38,46.8,51,7.6,4.3,55.3,0,SuttCo00,55,Courtland Sutton,DEN,28,WR,2,2,12,9,75.0%,98,10.9,1,5,66.7,21,8.2,4.5,49.0,0,7.27,6.0,-1.27,True
72,22,28,Jaylen Waddle,MIA,24,WR,17,17,117,75,64.1%,1356,18.1,8,60,54.7,84,11.6,4.4,79.8,1,WaddJa00,70,Jaylen Waddle,MIA,25,WR,2,2,11,8,72.7%,164,20.5,0,7,72.7,35,14.9,4.0,82.0,0,6.88,5.5,-1.38,True
73,74,131,Treylon Burks,TEN,22,WR,11,6,54,33,61.1%,444,13.5,1,19,50.0,51,8.2,3.0,40.4,0,BurkTr00,112,Treylon Burks,TEN,23,WR,2,2,7,5,71.4%,94,18.8,0,2,57.1,70,13.4,2.5,47.0,0,4.91,3.5,-1.41,True
74,33,44,Curtis Samuel,WAS,26,WR,17,12,92,64,69.6%,656,10.3,4,36,46.7,49,7.1,3.8,38.6,1,SamuCu00,68,Curtis Samuel,WAS,27,WR,2,1,8,8,100.0%,73,9.1,0,3,50.0,32,9.1,4.0,36.5,0,5.41,4.0,-1.41,True
75,28,39,Marquise Brown,ARI,25,WR,12,10,107,67,62.6%,709,10.6,3,33,44.9,47,6.6,5.6,59.1,1,BrowMa04,42,Marquise Brown,ARI,26,WR,2,2,15,9,60.0%,82,9.1,1,7,46.7,22,5.5,4.5,41.0,0,8.92,7.5,-1.42,True
76,83,164,Laviska Shenault Jr.,CAR,24,WR,13,4,32,27,84.4%,272,10.1,1,10,50.0,67,8.5,2.1,20.9,0,ShenLa00,231,Laviska Shenault Jr.,CAR,25,WR,2,0,2,2,100.0%,16,8.0,0,1,50.0,14,8.0,1.0,8.0,0,2.46,1.0,-1.46,True
77,88,182,Jamal Agnew*,JAX,27,WR,15,0,30,23,76.7%,187,8.1,3,9,53.3,24,6.2,1.5,12.5,0,AgneJa00,242,Jamal Agnew,JAX,28,WR,2,0,1,1,100.0%,5,5.0,0,1,100.0,5,5.0,0.5,2.5,0,2.0,0.5,-1.5,True
78,61,105,Darnell Mooney,CHI,25,WR,12,12,61,40,65.6%,493,12.3,2,20,45.9,56,8.1,3.3,41.1,0,MoonDa00,152,Darnell Mooney,CHI,26,WR,2,2,7,4,57.1%,53,13.3,1,3,42.9,23,7.6,2.0,26.5,0,5.08,3.5,-1.58,True
79,32,43,DeAndre Hopkins,ARI,30,WR,9,9,96,64,66.7%,717,11.2,3,35,54.2,33,7.5,7.1,79.7,2,HopkDe00,29,DeAndre Hopkins,TEN,31,WR,2,2,18,11,61.1%,105,9.5,0,6,44.4,16,5.8,5.5,52.5,0,10.67,9.0,-1.67,False
80,29,40,Jerry Jeudy,DEN,23,WR,15,14,100,67,67.0%,972,14.5,6,41,52.0,67,9.7,4.5,64.8,0,JeudJe00,181,Jerry Jeudy,DEN,24,WR,1,1,5,3,60.0%,25,8.3,0,1,20.0,11,5.0,3.0,25.0,0,6.67,5.0,-1.67,True
81,91,199,Phillip Dorsett,HOU,29,WR,15,4,40,20,50.0%,257,12.9,1,11,42.5,34,6.4,1.3,17.1,0,DorsPh00,297,Phillip Dorsett,DEN,30,WR,1,0,1,0,0.0%,0,,0,0,0.0,0,0.0,0.0,0.0,0,2.67,1.0,-1.67,False
82,96,234,Rashod Bateman,BAL,23,WR,6,5,28,15,53.6%,285,19.0,2,7,42.9,75,10.2,2.5,47.5,1,BateRa00,86,Rashod Bateman,BAL,24,WR,2,0,6,6,100.0%,53,8.8,0,2,83.3,18,8.8,3.0,26.5,0,4.67,3.0,-1.67,True
83,50,85,Kalif Raymond,DET,28,WR,17,7,64,47,73.4%,616,13.1,0,24,56.3,56,9.6,2.8,36.2,3,RaymKa00,191,Kalif Raymond,DET,29,WR,2,1,4,3,75.0%,66,22.0,1,2,75.0,36,16.5,1.5,33.0,0,3.76,2.0,-1.76,True
84,67,119,Isaiah Hodgins,2TM,24,WR,10,5,48,37,77.1%,392,10.6,4,24,62.5,29,8.2,3.7,39.2,1,HodgIs00,121,Isaiah Hodgins,NYG,25,WR,3,3,9,5,55.6%,64,12.8,1,3,55.6,24,7.1,1.7,21.3,1,4.8,3.0,-1.8,False
85,108,394,Ty Montgomery,NWE,29,WR,1,0,4,3,75.0%,15,5.0,1,1,25.0,7,3.8,3.0,15.0,0,MontTy01,227,Ty Montgomery,NWE,30,WR,2,0,4,2,50.0%,9,4.5,0,1,25.0,11,2.3,1.0,4.5,0,4.0,2.0,-2.0,True
86,76,136,Quez Watkins,PHI,24,WR,17,8,51,33,64.7%,354,10.7,3,13,37.3,53,6.9,1.9,20.8,1,WatkQu00,234,Quez Watkins,PHI,25,WR,2,1,2,2,100.0%,17,8.5,0,1,100.0,9,8.5,1.0,8.5,0,3.0,1.0,-2.0,True
87,66,118,Devin Duvernay*,BAL,25,WR,14,13,49,37,75.5%,407,11.0,3,19,59.2,31,8.3,2.6,29.1,1,DuveDe00,298,Devin Duvernay,BAL,26,WR,2,0,3,0,0.0%,0,,0,0,0.0,0,0.0,0.0,0.0,0,3.5,1.5,-2.0,True
88,53,90,Marvin Jones,JAX,32,WR,16,10,81,46,56.8%,529,11.5,3,29,51.9,37,6.5,2.9,33.1,0,JoneMa02,221,Marvin Jones,DET,33,WR,2,2,6,2,33.3%,8,4.0,0,0,0.0,5,1.3,1.0,4.0,1,5.06,3.0,-2.06,False
89,21,26,Terry McLaurin*,WAS,27,WR,17,17,120,77,64.2%,1191,15.5,5,56,55.0,52,9.9,4.5,70.1,1,McLaTe00,78,Terry McLaurin,WAS,28,WR,2,2,10,7,70.0%,85,12.1,1,4,60.0,30,8.5,3.5,42.5,0,7.06,5.0,-2.06,True
90,6,9,Davante Adams*+,LVR,30,WR,17,17,180,100,55.6%,1516,15.2,14,65,46.1,60,8.4,5.9,89.2,1,AdamDa01,15,Davante Adams,LVR,31,WR,2,2,17,12,70.6%,150,12.5,1,9,64.7,21,8.8,6.0,75.0,0,10.59,8.5,-2.09,True
91,15,20,Garrett Wilson,NYJ,22,WR,17,12,147,83,56.5%,1103,13.3,4,56,47.6,60,7.5,4.9,64.9,2,WilsGa00,85,Garrett Wilson,NYJ,23,WR,2,2,13,7,53.8%,117,16.7,2,5,38.5,68,9.0,3.5,58.5,0,8.65,6.5,-2.15,True
92,58,97,Marquez Valdes-Scantling,KAN,28,WR,17,11,81,42,51.9%,687,16.4,2,32,48.1,57,8.5,2.5,40.4,0,ValdMa00,163,Marquez Valdes-Scantling,KAN,29,WR,2,2,5,4,80.0%,61,15.3,0,2,60.0,34,12.2,2.0,30.5,0,4.76,2.5,-2.26,True
93,24,34,Drake London,ATL,21,WR,17,15,117,72,61.5%,866,12.0,4,48,56.4,40,7.4,4.2,50.9,3,LondDr00,95,Drake London,ATL,22,WR,2,2,9,6,66.7%,67,11.2,1,3,55.6,24,7.4,3.0,33.5,0,6.88,4.5,-2.38,True
94,60,103,Alec Pierce,IND,22,WR,16,12,78,41,52.6%,593,14.5,2,28,46.2,47,7.6,2.6,37.1,1,PierAl00,190,Alec Pierce,IND,23,WR,2,2,5,3,60.0%,33,11.0,0,2,60.0,20,6.6,1.5,16.5,0,4.88,2.5,-2.38,True
95,36,48,D.J. Moore,CAR,25,WR,17,17,118,63,53.4%,888,14.1,7,44,43.2,62,7.5,3.7,52.2,0,MoorD.00,66,D.J. Moore,CHI,26,WR,2,2,9,8,88.9%,129,16.1,0,6,66.7,33,14.3,4.0,64.5,0,6.94,4.5,-2.44,False
96,5,8,Chris Godwin,TAM,26,WR,15,13,142,104,73.2%,1023,9.8,3,53,60.6,44,7.2,6.9,68.2,2,GodwCh00,36,Chris Godwin,TAM,27,WR,2,2,14,10,71.4%,109,10.9,0,6,50.0,24,7.8,5.0,54.5,0,9.47,7.0,-2.47,True
97,44,63,Richie James,NYG,27,WR,17,4,70,57,81.4%,569,10.0,4,29,61.4,33,8.1,3.4,33.5,3,JameRi00,262,Richie James,KAN,28,WR,2,0,3,1,33.3%,6,6.0,0,0,33.3,6,2.0,0.5,3.0,1,4.12,1.5,-2.62,False
98,38,50,Donovan Peoples-Jones,CLE,23,WR,17,14,96,61,63.5%,839,13.8,3,33,50.0,42,8.7,3.6,49.4,1,PeopDo00,229,Donovan Peoples-Jones,CLE,24,WR,2,1,6,2,33.3%,19,9.5,0,1,33.3,12,3.2,1.0,9.5,0,5.65,3.0,-2.65,True
99,11,14,Ja'Marr Chase*,CIN,22,WR,12,12,134,87,64.9%,1046,12.0,9,58,55.2,60,7.8,7.3,87.2,2,ChasJa00,33,Ja'Marr Chase,CIN,23,WR,2,2,17,10,58.8%,70,7.0,0,5,52.9,13,4.1,5.0,35.0,0,11.17,8.5,-2.67,True
100,39,52,Allen Lazard,GNB,27,WR,15,15,100,60,60.0%,788,13.1,6,45,55.0,47,7.9,4.0,52.5,0,LazaAl00,148,Allen Lazard,NYJ,28,WR,2,2,8,4,50.0%,69,17.3,0,3,50.0,24,8.6,2.0,34.5,0,6.67,4.0,-2.67,False
101,9,12,D.K. Metcalf,SEA,25,WR,17,17,141,90,63.8%,1048,11.6,6,47,49.6,54,7.4,5.3,61.6,2,MetcDK00,46,D.K. Metcalf,SEA,26,WR,2,2,11,9,81.8%,122,13.6,1,6,81.8,28,11.1,4.5,61.0,0,8.29,5.5,-2.79,True
102,51,86,DeAndre Carter,LAC,29,WR,17,7,65,46,70.8%,538,11.7,3,29,53.8,35,8.3,2.7,31.6,3,CartDe02,247,DeAndre Carter,LVR,30,WR,2,1,2,1,50.0%,5,5.0,0,0,50.0,5,2.5,0.5,2.5,0,3.82,1.0,-2.82,False
103,73,128,Randall Cobb,GNB,32,WR,13,3,50,34,68.0%,417,12.3,1,19,56.0,40,8.3,2.6,32.1,1,CobbRa00,296,Randall Cobb,NYJ,33,WR,2,0,2,0,0.0%,0,,0,0,0.0,0,0.0,0.0,0.0,0,3.85,1.0,-2.85,False
104,63,110,Ben Skowronek,LAR,25,WR,14,11,61,39,63.9%,376,9.6,0,16,49.2,32,6.2,2.8,26.9,0,SkowBe00,288,Ben Skowronek,LAR,26,WR,2,0,3,1,33.3%,10,10.0,0,1,33.3,10,3.3,0.5,5.0,0,4.36,1.5,-2.86,True
105,42,61,Brandin Cooks,HOU,29,WR,13,13,93,57,61.3%,699,12.3,3,29,47.3,44,7.5,4.4,53.8,0,CookBr00,206,Brandin Cooks,DAL,30,WR,1,1,4,2,50.0%,22,11.0,0,2,50.0,16,5.5,2.0,22.0,0,7.15,4.0,-3.15,False
106,62,108,Michael Gallup,DAL,26,WR,14,11,74,39,52.7%,424,10.9,4,25,44.6,27,5.7,2.8,30.3,0,GallMi00,214,Michael Gallup,DAL,27,WR,2,2,4,2,50.0%,13,6.5,0,1,25.0,10,3.3,1.0,6.5,0,5.29,2.0,-3.29,True
107,49,81,Chris Moore,HOU,29,WR,16,7,74,48,64.9%,548,11.4,2,24,47.3,52,7.4,3.0,34.3,0,MoorCh00,270,Chris Moore,TEN,30,WR,2,0,2,1,50.0%,49,49.0,0,1,50.0,49,24.5,0.5,24.5,0,4.62,1.0,-3.62,False
108,26,36,Josh Palmer,LAC,24,WR,16,11,107,72,67.3%,769,10.7,3,39,55.1,50,7.2,4.5,48.1,1,PalmJo00,156,Josh Palmer,LAC,25,WR,2,0,6,4,66.7%,17,4.3,0,0,33.3,6,2.8,2.0,8.5,0,6.69,3.0,-3.69,True
109,79,146,DJ Chark,DET,26,WR,11,10,52,30,57.7%,502,16.7,3,24,51.9,51,9.7,2.7,45.6,0,CharDJ00,248,DJ Chark,CAR,27,WR,1,0,1,1,100.0%,15,15.0,0,1,100.0,15,15.0,1.0,15.0,0,4.73,1.0,-3.73,False
110,84,170,Mecole Hardman,KAN,24,WR,8,5,34,25,73.5%,297,11.9,4,14,61.8,36,8.7,3.1,37.1,1,HardMe00,257,Mecole Hardman,NYJ,25,WR,2,0,1,1,100.0%,6,6.0,0,0,100.0,6,6.0,0.5,3.0,0,4.25,0.5,-3.75,False
111,57,95,Isaiah McKenzie,BUF,27,WR,15,8,65,42,64.6%,423,10.1,4,27,58.5,30,6.5,2.8,28.2,0,McKeIs00,266,Isaiah McKenzie,IND,28,WR,2,0,1,1,100.0%,7,7.0,0,0,100.0,7,7.0,0.5,3.5,0,4.33,0.5,-3.83,False
112,69,122,Hunter Renfrow,LVR,27,WR,10,1,50,36,72.0%,330,9.2,2,18,52.0,27,6.6,3.6,33.0,3,RenfHu00,277,Hunter Renfrow,LVR,28,WR,2,0,1,1,100.0%,23,23.0,0,1,100.0,23,23.0,0.5,11.5,0,5.0,0.5,-4.5,True
113,59,102,Rondale Moore,ARI,22,WR,8,8,56,41,73.2%,414,10.1,1,16,46.4,38,7.4,5.1,51.8,0,MoorRo02,153,Rondale Moore,ARI,23,WR,2,1,4,4,100.0%,47,11.8,0,2,50.0,31,11.8,2.0,23.5,0,7.0,2.0,-5.0,True
114,12,16,Diontae Johnson,PIT,26,WR,17,17,147,86,58.5%,882,10.3,0,45,49.0,37,6.0,5.1,51.9,1,JohnDi01,182,Diontae Johnson,PIT,27,WR,2,1,6,3,50.0%,48,16.0,0,2,50.0,26,8.0,1.5,24.0,0,8.65,3.0,-5.65,True
115,99,257,Sterling Shepard,NYG,29,WR,3,2,24,13,54.2%,154,11.8,1,4,29.2,65,6.4,4.3,51.3,0,ShepSt00,286,Sterling Shepard,NYG,30,WR,3,0,2,1,50.0%,4,4.0,0,1,50.0,4,2.0,0.3,1.3,0,8.0,0.67,-7.33,True
